commodity_ticker,commodity,commodity_name,commodity_isin,commodity_exchange,equity_ticker,equity,equity_name,equity_isin,equity_exchange,equity_sector,equity_industry,correlation,z_score_corr,rolling_corr_mean,rolling_corr_std,lag1h,lag3h,lag6h,lag12h,lag24h
NG=F,NatGas,Natural Gas Nov 25,,NYM,CVX,Chevron,Chevron Corporation,,NYQ,Energy,Oil & Gas Integrated,-0.9734929405415543,,,,-0.22820979093419433,0.4766012595702785,,,
NG=F,NatGas,Natural Gas Nov 25,,NYM,XOM,Exxon,Exxon Mobil Corporation,,NYQ,Energy,Oil & Gas Integrated,-0.9374476980829186,,,,-0.170886299274128,0.5953237622794919,,,
ALI=F,Aluminum,"Aluminum Futures,Dec-2025",,CMX,FCX,Freeport,Freeport-McMoRan Inc.,,NYQ,Basic Materials,Copper,-0.9189383109753346,,,,0.28709322374775204,0.6485240535261119,,,
RB=F,Gasoline,RBOB Gasoline Nov 25,,NYM,AG,FirstMajestic,First Majestic Silver Corp.,,NYQ,Basic Materials,Silver,-0.910665079238218,,,,0.027684836103922077,-0.23817605758404056,,,
SI=F,Silver,Silver Dec 25,,CMX,XOM,Exxon,Exxon Mobil Corporation,,NYQ,Energy,Oil & Gas Integrated,-0.9084219193458766,,,,0.21151187031794913,0.8177148939854247,,,
ZW=F,Wheat,"Chicago SRW Wheat Futures,Dec-2",,CBT,GLD,SPDR_Gold_ETF,SPDR Gold Shares,,PCX,,,0.901178144527709,,,,-0.681092123391696,0.45362732113210263,,,
HG=F,Copper,Copper Dec 25,,CMX,CVX,Chevron,Chevron Corporation,,NYQ,Energy,Oil & Gas Integrated,-0.8959556449107465,,,,-0.20695424761328116,0.3543642656003644,,,
BZ=F,Brent_Oil,Brent Crude Oil Last Day Financ,,NYM,FSM,Fortuna,Fortuna Mining Corp.,,NYQ,Basic Materials,Gold,-0.8783128135014286,,,,0.038657320531682915,-0.28917913473850165,,,
CL=F,WTI_Oil,Crude Oil Nov 25,,NYM,FSM,Fortuna,Fortuna Mining Corp.,,NYQ,Basic Materials,Gold,-0.8600661293985465,,,,-0.018839254402191686,-0.24786026634984876,,,
GC=F,Gold,Gold Dec 25,,CMX,XOM,Exxon,Exxon Mobil Corporation,,NYQ,Energy,Oil & Gas Integrated,-0.8531378040354978,,,,0.4770738424632314,0.5376991789133436,,,
PA=F,Palladium,Palladium Dec 25,,NYM,GLD,SPDR_Gold_ETF,SPDR Gold Shares,,PCX,,,0.8390656401031747,,,,-0.4505195785100059,0.06009613251858952,,,
ALI=F,Aluminum,"Aluminum Futures,Dec-2025",,CMX,XOM,Exxon,Exxon Mobil Corporation,,NYQ,Energy,Oil & Gas Integrated,-0.83759904891195,,,,0.23489170780719384,0.9388677031400068,,,
SI=F,Silver,Silver Dec 25,,CMX,CVX,Chevron,Chevron Corporation,,NYQ,Energy,Oil & Gas Integrated,-0.8299321956501445,,,,0.1028337981188123,0.8221757827830236,,,
ALI=F,Aluminum,"Aluminum Futures,Dec-2025",,CMX,CDE,Coeur,"Coeur Mining, Inc.",,NYQ,Basic Materials,Gold,0.8213027304356256,,,,-0.6370298559236242,-0.4556967756958745,,,
CL=F,WTI_Oil,Crude Oil Nov 25,,NYM,AG,FirstMajestic,First Majestic Silver Corp.,,NYQ,Basic Materials,Silver,-0.8194009138597009,,,,0.15888830562658962,-0.5531625259442686,,,
ZC=F,Corn,"Corn Futures,Dec-2025",,CBT,AEM,Agnico,Agnico Eagle Mines Limited,,NYQ,Basic Materials,Gold,0.8041460953205004,,,,-0.5934291457617724,0.6579682366376362,,,
BZ=F,Brent_Oil,Brent Crude Oil Last Day Financ,,NYM,AG,FirstMajestic,First Majestic Silver Corp.,,NYQ,Basic Materials,Silver,-0.8014687651149897,,,,0.16912306437760993,-0.5728140380426545,,,
HG=F,Copper,Copper Dec 25,,CMX,XOM,Exxon,Exxon Mobil Corporation,,NYQ,Energy,Oil & Gas Integrated,-0.7999671218038349,,,,-0.11859624968556505,0.6050840701595797,,,
ZW=F,Wheat,"Chicago SRW Wheat Futures,Dec-2",,CBT,EXK,Endeavour,Endeavour Silver Corp.,,NYQ,Basic Materials,Silver,0.7888424214411179,,,,-0.1500400759571458,0.6219691931260585,,,
PL=F,Platinum,Platinum Jan 26,,NYM,COP,ConocoPhillips,ConocoPhillips,,NYQ,Energy,Oil & Gas E&P,0.7700901323210336,,,,-0.15242682368968263,0.7040029766540082,,,
ALI=F,Aluminum,"Aluminum Futures,Dec-2025",,CMX,CVX,Chevron,Chevron Corporation,,NYQ,Energy,Oil & Gas Integrated,-0.7654948211785068,,,,0.15933493931315607,0.813781509368217,,,
GC=F,Gold,Gold Dec 25,,CMX,CVX,Chevron,Chevron Corporation,,NYQ,Energy,Oil & Gas Integrated,-0.7530744968495976,,,,0.45015032478052824,0.6003619775482252,,,
ZC=F,Corn,"Corn Futures,Dec-2025",,CBT,EXK,Endeavour,Endeavour Silver Corp.,,NYQ,Basic Materials,Silver,0.7416415087576365,,,,-0.7046585811592413,0.5003867956891348,,,
ALI=F,Aluminum,"Aluminum Futures,Dec-2025",,CMX,EXK,Endeavour,Endeavour Silver Corp.,,NYQ,Basic Materials,Silver,0.7398809085093342,,,,-0.35697922050955494,0.23151244047099498,,,
ALI=F,Aluminum,"Aluminum Futures,Dec-2025",,CMX,SLB,Schlumberger,Schlumberger Limited,,NYQ,Energy,Oil & Gas Equipment & Services,-0.7394505560850283,,,,0.28455438308407915,0.5014971871175166,,,
ZW=F,Wheat,"Chicago SRW Wheat Futures,Dec-2",,CBT,AEM,Agnico,Agnico Eagle Mines Limited,,NYQ,Basic Materials,Gold,0.7334445513371947,,,,-0.026665716839501332,0.770693749165182,,,
BZ=F,Brent_Oil,Brent Crude Oil Last Day Financ,,NYM,PAAS,PanAmerican,Pan American Silver Corp.,,NYQ,Basic Materials,Gold,-0.7293497451713239,,,,-0.2584777340493004,-0.18211164154912518,,,
HG=F,Copper,Copper Dec 25,,CMX,FCX,Freeport,Freeport-McMoRan Inc.,,NYQ,Basic Materials,Copper,-0.7280264718380187,,,,-0.10722195287507212,0.8670919006000888,,,
ALI=F,Aluminum,"Aluminum Futures,Dec-2025",,CMX,SCCO,SouthernCopper,Southern Copper Corporation,,NYQ,Basic Materials,Copper,-0.7189139116399565,,,,0.26814263352374484,0.28687981246534644,,,
CL=F,WTI_Oil,Crude Oil Nov 25,,NYM,PAAS,PanAmerican,Pan American Silver Corp.,,NYQ,Basic Materials,Gold,-0.7123786046134457,,,,-0.3045983981053906,-0.12805416750109927,,,
ZC=F,Corn,"Corn Futures,Dec-2025",,CBT,HL,Hecla,Hecla Mining Company,,NYQ,Basic Materials,Other Precious Metals & Mining,0.7094543953759523,,,,-0.3579593818595378,0.6961965973185043,,,
BZ=F,Brent_Oil,Brent Crude Oil Last Day Financ,,NYM,MAG,MAGSilver,MAG Silver Corp.,,ASE,Basic Materials,Silver,-0.7070246952114471,,,,-0.312842073749723,0.09406444240538163,,,
PL=F,Platinum,Platinum Jan 26,,NYM,KGC,Kinross,Kinross Gold Corporation,,NYQ,Basic Materials,Gold,-0.6972663625675101,,,,0.08076829611324869,-0.5018288963921925,,,
PA=F,Palladium,Palladium Dec 25,,NYM,BHP,BHP,BHP Group Limited,,NYQ,Basic Materials,Other Industrial Metals & Mining,0.6969267121705385,,,,0.11901636612748336,0.20588442246179997,,,
BZ=F,Brent_Oil,Brent Crude Oil Last Day Financ,,NYM,EXK,Endeavour,Endeavour Silver Corp.,,NYQ,Basic Materials,Silver,-0.6943070954489843,,,,-0.2582414304272405,-0.7008942616348222,,,
NG=F,NatGas,Natural Gas Nov 25,,NYM,FCX,Freeport,Freeport-McMoRan Inc.,,NYQ,Basic Materials,Copper,-0.6880287327641258,,,,-0.09738168510729894,0.25564106378173584,,,
ZW=F,Wheat,"Chicago SRW Wheat Futures,Dec-2",,CBT,XOM,Exxon,Exxon Mobil Corporation,,NYQ,Energy,Oil & Gas Integrated,-0.6875723427207757,,,,0.4704589828511954,0.764305315783592,,,
CL=F,WTI_Oil,Crude Oil Nov 25,,NYM,MAG,MAGSilver,MAG Silver Corp.,,ASE,Basic Materials,Silver,-0.681245735191804,,,,-0.3581147337043159,0.14945468191412836,,,
ZC=F,Corn,"Corn Futures,Dec-2025",,CBT,BHP,BHP,BHP Group Limited,,NYQ,Basic Materials,Other Industrial Metals & Mining,0.6656474651348546,,,,-0.05739181886120621,0.3791271044912586,,,
CL=F,WTI_Oil,Crude Oil Nov 25,,NYM,EXK,Endeavour,Endeavour Silver Corp.,,NYQ,Basic Materials,Silver,-0.6633493076023915,,,,-0.29951916515695903,-0.669251287276347,,,
BZ=F,Brent_Oil,Brent Crude Oil Last Day Financ,,NYM,COP,ConocoPhillips,ConocoPhillips,,NYQ,Energy,Oil & Gas E&P,0.662880812527587,,,,0.5034625747037291,-0.24666929259028006,,,
ZW=F,Wheat,"Chicago SRW Wheat Futures,Dec-2",,CBT,CVX,Chevron,Chevron Corporation,,NYQ,Energy,Oil & Gas Integrated,-0.6606421120872817,,,,0.5122627326082718,0.6649611203540868,,,
ZC=F,Corn,"Corn Futures,Dec-2025",,CBT,MPC,Marathon,Marathon Petroleum Corporation,,NYQ,Energy,Oil & Gas Refining & Marketing,0.6592039577342765,,,,0.04671741904138364,0.029008512272012062,,,
CL=F,WTI_Oil,Crude Oil Nov 25,,NYM,COP,ConocoPhillips,ConocoPhillips,,NYQ,Energy,Oil & Gas E&P,0.6579002158830984,,,,0.5323480917490989,-0.2944667892539397,,,
ALI=F,Aluminum,"Aluminum Futures,Dec-2025",,CMX,AEM,Agnico,Agnico Eagle Mines Limited,,NYQ,Basic Materials,Gold,0.6347654618665287,,,,-0.3052584822524985,0.4450156297457936,,,
BZ=F,Brent_Oil,Brent Crude Oil Last Day Financ,,NYM,AEM,Agnico,Agnico Eagle Mines Limited,,NYQ,Basic Materials,Gold,-0.6307141258450152,,,,-0.2847022506063491,-0.7474843215305746,,,
SI=F,Silver,Silver Dec 25,,CMX,FCX,Freeport,Freeport-McMoRan Inc.,,NYQ,Basic Materials,Copper,-0.6299079270924672,,,,0.27237675526773797,0.09773272922823664,,,
PA=F,Palladium,Palladium Dec 25,,NYM,KGC,Kinross,Kinross Gold Corporation,,NYQ,Basic Materials,Gold,-0.6271158362551715,,,,0.6594341775024826,-0.16902928982197024,,,
ZC=F,Corn,"Corn Futures,Dec-2025",,CBT,GLD,SPDR_Gold_ETF,SPDR Gold Shares,,PCX,,,0.6243576116430203,,,,-0.8021825975106066,-0.12836151463010326,,,
ALI=F,Aluminum,"Aluminum Futures,Dec-2025",,CMX,HL,Hecla,Hecla Mining Company,,NYQ,Basic Materials,Other Precious Metals & Mining,0.6122768590072069,,,,-0.4077265183497693,0.2823556541279662,,,
BZ=F,Brent_Oil,Brent Crude Oil Last Day Financ,,NYM,WPM,Wheaton,Wheaton Precious Metals Corp.,,NYQ,Basic Materials,Gold,-0.6025629273894432,,,,-0.4348656893892915,-0.4594436876799465,,,
CL=F,WTI_Oil,Crude Oil Nov 25,,NYM,AEM,Agnico,Agnico Eagle Mines Limited,,NYQ,Basic Materials,Gold,-0.6018564259398523,,,,-0.3182901647084888,-0.7111222418594619,,,
ZW=F,Wheat,"Chicago SRW Wheat Futures,Dec-2",,CBT,FSM,Fortuna,Fortuna Mining Corp.,,NYQ,Basic Materials,Gold,0.6012215078881592,,,,-0.349657188070705,0.28409514400277763,,,
PA=F,Palladium,Palladium Dec 25,,NYM,PSX,Phillips66,Phillips 66,,NYQ,Energy,Oil & Gas Refining & Marketing,0.5964404634333946,,,,-0.6004096249724437,0.759051344166743,,,
BZ=F,Brent_Oil,Brent Crude Oil Last Day Financ,,NYM,XOM,Exxon,Exxon Mobil Corporation,,NYQ,Energy,Oil & Gas Integrated,0.5947722540779331,,,,0.24800180166069638,-0.3043639471896535,,,
ALI=F,Aluminum,"Aluminum Futures,Dec-2025",,CMX,GLD,SPDR_Gold_ETF,SPDR Gold Shares,,PCX,,,0.5884244625052123,,,,-0.7080233576145202,0.03287441187623072,,,
CL=F,WTI_Oil,Crude Oil Nov 25,,NYM,WPM,Wheaton,Wheaton Precious Metals Corp.,,NYQ,Basic Materials,Gold,-0.5869095687036738,,,,-0.43873465217758706,-0.4374571476816485,,,
PL=F,Platinum,Platinum Jan 26,,NYM,WPM,Wheaton,Wheaton Precious Metals Corp.,,NYQ,Basic Materials,Gold,-0.5778191498941696,,,,0.46611242499715516,-0.9567908715352201,,,
RB=F,Gasoline,RBOB Gasoline Nov 25,,NYM,COP,ConocoPhillips,ConocoPhillips,,NYQ,Energy,Oil & Gas E&P,0.5767997614046335,,,,0.5805291054352015,-0.6117587458766038,,,
SI=F,Silver,Silver Dec 25,,CMX,SLB,Schlumberger,Schlumberger Limited,,NYQ,Energy,Oil & Gas Equipment & Services,-0.5706257762885665,,,,0.5393155148085322,0.023961696171312424,,,
HG=F,Copper,Copper Dec 25,,CMX,CDE,Coeur,"Coeur Mining, Inc.",,NYQ,Basic Materials,Gold,0.5694636113822175,,,,-0.31473845299583636,-0.7627300794930676,,,
ALI=F,Aluminum,"Aluminum Futures,Dec-2025",,CMX,FSM,Fortuna,Fortuna Mining Corp.,,NYQ,Basic Materials,Gold,0.5660493075696711,,,,-0.4739493519302693,-0.05394249684845383,,,
PA=F,Palladium,Palladium Dec 25,,NYM,RIO,RioTinto,Rio Tinto Group,,NYQ,Basic Materials,Other Industrial Metals & Mining,0.5601651341065174,,,,-0.38167608544870124,0.6964159513548193,,,
CL=F,WTI_Oil,Crude Oil Nov 25,,NYM,XOM,Exxon,Exxon Mobil Corporation,,NYQ,Energy,Oil & Gas Integrated,0.5546079264156724,,,,0.2943640693472299,-0.26845479159933344,,,
ZC=F,Corn,"Corn Futures,Dec-2025",,CBT,WPM,Wheaton,Wheaton Precious Metals Corp.,,NYQ,Basic Materials,Gold,0.5487875354979652,,,,-0.32966236719801595,0.73148417205368,,,
BZ=F,Brent_Oil,Brent Crude Oil Last Day Financ,,NYM,CVX,Chevron,Chevron Corporation,,NYQ,Energy,Oil & Gas Integrated,0.54875339657491,,,,0.09982641054877808,-0.16750662609170697,,,
RB=F,Gasoline,RBOB Gasoline Nov 25,,NYM,FSM,Fortuna,Fortuna Mining Corp.,,NYQ,Basic Materials,Gold,-0.5460835067756191,,,,-0.24040480852585935,-0.1968809294312347,,,
BZ=F,Brent_Oil,Brent Crude Oil Last Day Financ,,NYM,RIO,RioTinto,Rio Tinto Group,,NYQ,Basic Materials,Other Industrial Metals & Mining,0.5406653560553832,,,,0.5803729406848732,-0.6752136548331262,,,
ZW=F,Wheat,"Chicago SRW Wheat Futures,Dec-2",,CBT,FCX,Freeport,Freeport-McMoRan Inc.,,NYQ,Basic Materials,Copper,-0.5382491796723423,,,,0.1976117957042004,0.3300918055572001,,,
BZ=F,Brent_Oil,Brent Crude Oil Last Day Financ,,NYM,CDE,Coeur,"Coeur Mining, Inc.",,NYQ,Basic Materials,Gold,-0.5357949145901687,,,,-0.07291613914974235,-0.016025446752793628,,,
ALI=F,Aluminum,"Aluminum Futures,Dec-2025",,CMX,PAAS,PanAmerican,Pan American Silver Corp.,,NYQ,Basic Materials,Gold,0.5287248861703189,,,,-0.24201616558047995,0.21322708837648877,,,
BZ=F,Brent_Oil,Brent Crude Oil Last Day Financ,,NYM,SLB,Schlumberger,Schlumberger Limited,,NYQ,Energy,Oil & Gas Equipment & Services,0.5231779333692378,,,,0.4402438339436466,-0.4375931991867652,,,
CL=F,WTI_Oil,Crude Oil Nov 25,,NYM,CVX,Chevron,Chevron Corporation,,NYQ,Energy,Oil & Gas Integrated,0.5229088572085342,,,,0.1404994510155265,-0.1206037245683025,,,
RB=F,Gasoline,RBOB Gasoline Nov 25,,NYM,CVX,Chevron,Chevron Corporation,,NYQ,Energy,Oil & Gas Integrated,0.5220470578885652,,,,0.40503096551988554,0.24152760957626276,,,
CL=F,WTI_Oil,Crude Oil Nov 25,,NYM,RIO,RioTinto,Rio Tinto Group,,NYQ,Basic Materials,Other Industrial Metals & Mining,0.5171338796487728,,,,0.6258491605400659,-0.7147939284131194,,,
CL=F,WTI_Oil,Crude Oil Nov 25,,NYM,CDE,Coeur,"Coeur Mining, Inc.",,NYQ,Basic Materials,Gold,-0.5145391261574864,,,,-0.1334934145921522,0.01225149091023592,,,
NG=F,NatGas,Natural Gas Nov 25,,NYM,COP,ConocoPhillips,ConocoPhillips,,NYQ,Energy,Oil & Gas E&P,-0.5138366119338016,,,,-0.39254682713431854,-0.07537604529385929,,,
ALI=F,Aluminum,"Aluminum Futures,Dec-2025",,CMX,RIO,RioTinto,Rio Tinto Group,,NYQ,Basic Materials,Other Industrial Metals & Mining,-0.5098366128637811,,,,-0.08697062107153836,0.2752129781029439,,,
ZC=F,Corn,"Corn Futures,Dec-2025",,CBT,PAAS,PanAmerican,Pan American Silver Corp.,,NYQ,Basic Materials,Gold,0.505419157866058,,,,-0.42095127342554406,0.7786122828513629,,,
ZW=F,Wheat,"Chicago SRW Wheat Futures,Dec-2",,CBT,WPM,Wheaton,Wheaton Precious Metals Corp.,,NYQ,Basic Materials,Gold,0.5037239049399573,,,,0.4735106852830615,0.8282444385395006,,,
NG=F,NatGas,Natural Gas Nov 25,,NYM,RIO,RioTinto,Rio Tinto Group,,NYQ,Basic Materials,Other Industrial Metals & Mining,-0.5036636682219794,,,,-0.03824184353196202,0.5171265837521978,,,
NG=F,NatGas,Natural Gas Nov 25,,NYM,SLB,Schlumberger,Schlumberger Limited,,NYQ,Energy,Oil & Gas Equipment & Services,-0.4992218744007467,,,,0.1929818465086039,0.41055029733604387,,,
PL=F,Platinum,Platinum Jan 26,,NYM,AG,FirstMajestic,First Majestic Silver Corp.,,NYQ,Basic Materials,Silver,-0.49788710192464597,,,,0.2870969863453229,-0.9112791224363694,,,
HG=F,Copper,Copper Dec 25,,CMX,GLD,SPDR_Gold_ETF,SPDR Gold Shares,,PCX,,,0.49623958033660037,,,,-0.27672792411337643,0.1927410554684703,,,
SI=F,Silver,Silver Dec 25,,CMX,CDE,Coeur,"Coeur Mining, Inc.",,NYQ,Basic Materials,Gold,0.4953826125460697,,,,-0.732219942385528,0.13422440268124972,,,
HG=F,Copper,Copper Dec 25,,CMX,SCCO,SouthernCopper,Southern Copper Corporation,,NYQ,Basic Materials,Copper,-0.4951085583112561,,,,-0.019531570796801744,0.697950724536102,,,
RB=F,Gasoline,RBOB Gasoline Nov 25,,NYM,WPM,Wheaton,Wheaton Precious Metals Corp.,,NYQ,Basic Materials,Gold,-0.4936401720651763,,,,-0.584666532144364,-0.10685450077639243,,,
CL=F,WTI_Oil,Crude Oil Nov 25,,NYM,SLB,Schlumberger,Schlumberger Limited,,NYQ,Energy,Oil & Gas Equipment & Services,0.4923883807359109,,,,0.4956844383968614,-0.472383120332843,,,
CL=F,WTI_Oil,Crude Oil Nov 25,,NYM,VLO,Valero,Valero Energy Corporation,,NYQ,Energy,Oil & Gas Refining & Marketing,0.48551983384944836,,,,0.1266521819881451,-0.5430531441442481,,,
PL=F,Platinum,Platinum Jan 26,,NYM,NEM,Newmont,Newmont Corporation,,NYQ,Basic Materials,Gold,-0.4850296155043528,,,,0.5810855908256992,-0.9631428696298289,,,
BZ=F,Brent_Oil,Brent Crude Oil Last Day Financ,,NYM,VLO,Valero,Valero Energy Corporation,,NYQ,Energy,Oil & Gas Refining & Marketing,0.47747078535687426,,,,0.07513518773694097,-0.5018079470087022,,,
NG=F,NatGas,Natural Gas Nov 25,,NYM,EXK,Endeavour,Endeavour Silver Corp.,,NYQ,Basic Materials,Silver,0.47549090155447093,,,,0.06566515606751913,0.6836790786759991,,,
ZC=F,Corn,"Corn Futures,Dec-2025",,CBT,PSX,Phillips66,Phillips 66,,NYQ,Energy,Oil & Gas Refining & Marketing,0.4739912975794035,,,,-0.06067983440585753,-0.3698249724491331,,,
BZ=F,Brent_Oil,Brent Crude Oil Last Day Financ,,NYM,GLD,SPDR_Gold_ETF,SPDR Gold Shares,,PCX,,,-0.4702015045024765,,,,0.43512881726141195,-0.8475556160556647,,,
GC=F,Gold,Gold Dec 25,,CMX,EXK,Endeavour,Endeavour Silver Corp.,,NYQ,Basic Materials,Silver,0.466200684576401,,,,-0.11239158771677114,0.9285585128354698,,,
PA=F,Palladium,Palladium Dec 25,,NYM,VLO,Valero,Valero Energy Corporation,,NYQ,Energy,Oil & Gas Refining & Marketing,0.46605389240710954,,,,-0.4976411298881811,0.8267412417083666,,,
GC=F,Gold,Gold Dec 25,,CMX,GLD,SPDR_Gold_ETF,SPDR Gold Shares,,PCX,,,0.4621808605692199,,,,-0.25160466067306614,0.5160568162671835,,,
PA=F,Palladium,Palladium Dec 25,,NYM,MPC,Marathon,Marathon Petroleum Corporation,,NYQ,Energy,Oil & Gas Refining & Marketing,0.4611769708612499,,,,-0.26347465163902484,0.9562202022383343,,,
RB=F,Gasoline,RBOB Gasoline Nov 25,,NYM,NEM,Newmont,Newmont Corporation,,NYQ,Basic Materials,Gold,-0.46025232454827303,,,,-0.1660236968331026,-0.0880687081837536,,,
CL=F,WTI_Oil,Crude Oil Nov 25,,NYM,GLD,SPDR_Gold_ETF,SPDR Gold Shares,,PCX,,,-0.4575322497956376,,,,0.4100879188637603,-0.8584192881809634,,,
ZW=F,Wheat,"Chicago SRW Wheat Futures,Dec-2",,CBT,CDE,Coeur,"Coeur Mining, Inc.",,NYQ,Basic Materials,Gold,0.45495837526564636,,,,-0.4579608866947136,-0.1149425271555118,,,
ZW=F,Wheat,"Chicago SRW Wheat Futures,Dec-2",,CBT,PAAS,PanAmerican,Pan American Silver Corp.,,NYQ,Basic Materials,Gold,0.4517939367545274,,,,0.025332713800509443,0.40178040795724973,,,
ZW=F,Wheat,"Chicago SRW Wheat Futures,Dec-2",,CBT,HL,Hecla,Hecla Mining Company,,NYQ,Basic Materials,Other Precious Metals & Mining,0.45167832296890126,,,,0.028842090598369532,0.5882412954064695,,,
SI=F,Silver,Silver Dec 25,,CMX,RIO,RioTinto,Rio Tinto Group,,NYQ,Basic Materials,Other Industrial Metals & Mining,-0.4516069800148832,,,,0.296717939000122,0.007752584673364421,,,
ZC=F,Corn,"Corn Futures,Dec-2025",,CBT,FSM,Fortuna,Fortuna Mining Corp.,,NYQ,Basic Materials,Gold,0.44556019273949643,,,,-0.6482997880593564,0.4939756137117836,,,
ZC=F,Corn,"Corn Futures,Dec-2025",,CBT,MAG,MAGSilver,MAG Silver Corp.,,ASE,Basic Materials,Silver,0.44467668478057554,,,,-0.24011771125784223,0.7524119769170889,,,
RB=F,Gasoline,RBOB Gasoline Nov 25,,NYM,XOM,Exxon,Exxon Mobil Corporation,,NYQ,Energy,Oil & Gas Integrated,0.44348283556733836,,,,0.5495634038257755,0.094044474071708,,,
HG=F,Copper,Copper Dec 25,,CMX,SLB,Schlumberger,Schlumberger Limited,,NYQ,Energy,Oil & Gas Equipment & Services,-0.43214420216292343,,,,0.042030380637598536,0.9021564880893823,,,
HG=F,Copper,Copper Dec 25,,CMX,NEM,Newmont,Newmont Corporation,,NYQ,Basic Materials,Gold,-0.4305203657635311,,,,0.8210669393657756,0.882550028745141,,,
PL=F,Platinum,Platinum Jan 26,,NYM,SCCO,SouthernCopper,Southern Copper Corporation,,NYQ,Basic Materials,Copper,0.42058837107773805,,,,-0.14014691961133247,-0.4340168747443929,,,
ZW=F,Wheat,"Chicago SRW Wheat Futures,Dec-2",,CBT,AG,FirstMajestic,First Majestic Silver Corp.,,NYQ,Basic Materials,Silver,0.4189203755268783,,,,0.12027996249455408,0.8864127569568416,,,
BZ=F,Brent_Oil,Brent Crude Oil Last Day Financ,,NYM,FCX,Freeport,Freeport-McMoRan Inc.,,NYQ,Basic Materials,Copper,0.41715786271520816,,,,0.4561670532596923,-0.13494015573881593,,,
GC=F,Gold,Gold Dec 25,,CMX,FCX,Freeport,Freeport-McMoRan Inc.,,NYQ,Basic Materials,Copper,-0.4155238019148097,,,,0.31359557772800445,-0.2650489833329966,,,
NG=F,NatGas,Natural Gas Nov 25,,NYM,CDE,Coeur,"Coeur Mining, Inc.",,NYQ,Basic Materials,Gold,0.4114875090370392,,,,-0.46902631736893646,-0.05942405066143597,,,
RB=F,Gasoline,RBOB Gasoline Nov 25,,NYM,MAG,MAGSilver,MAG Silver Corp.,,ASE,Basic Materials,Silver,-0.41045448081591773,,,,-0.4076567302605359,0.3299812880596424,,,
PL=F,Platinum,Platinum Jan 26,,NYM,RIO,RioTinto,Rio Tinto Group,,NYQ,Basic Materials,Other Industrial Metals & Mining,0.41006097103632,,,,0.16526080080899685,-0.07104655254800865,,,
CL=F,WTI_Oil,Crude Oil Nov 25,,NYM,NEM,Newmont,Newmont Corporation,,NYQ,Basic Materials,Gold,-0.40736420831316084,,,,-0.14765578280966365,-0.3902784544446496,,,
HG=F,Copper,Copper Dec 25,,CMX,BHP,BHP,BHP Group Limited,,NYQ,Basic Materials,Other Industrial Metals & Mining,-0.4061013791385103,,,,-0.4687539511425065,0.35375564755618016,,,
NG=F,NatGas,Natural Gas Nov 25,,NYM,AG,FirstMajestic,First Majestic Silver Corp.,,NYQ,Basic Materials,Silver,0.4054707244009382,,,,0.3905316391894395,0.7850211826178081,,,
BZ=F,Brent_Oil,Brent Crude Oil Last Day Financ,,NYM,NEM,Newmont,Newmont Corporation,,NYQ,Basic Materials,Gold,-0.4035436938815947,,,,-0.1743993126740018,-0.4023097044017845,,,
NG=F,NatGas,Natural Gas Nov 25,,NYM,BHP,BHP,BHP Group Limited,,NYQ,Basic Materials,Other Industrial Metals & Mining,-0.40232022375523485,,,,-0.4270947531183045,0.8993145411528363,,,
CL=F,WTI_Oil,Crude Oil Nov 25,,NYM,KGC,Kinross,Kinross Gold Corporation,,NYQ,Basic Materials,Gold,-0.3966834319758833,,,,-0.6022000511338086,0.5700947333563494,,,
BZ=F,Brent_Oil,Brent Crude Oil Last Day Financ,,NYM,KGC,Kinross,Kinross Gold Corporation,,NYQ,Basic Materials,Gold,-0.39648548069052664,,,,-0.5816899987933941,0.5262635467872401,,,
ZW=F,Wheat,"Chicago SRW Wheat Futures,Dec-2",,CBT,BHP,BHP,BHP Group Limited,,NYQ,Basic Materials,Other Industrial Metals & Mining,0.3939119397055916,,,,-0.2520732204038921,0.8033239067596105,,,
GC=F,Gold,Gold Dec 25,,CMX,FSM,Fortuna,Fortuna Mining Corp.,,NYQ,Basic Materials,Gold,0.3927680501451401,,,,-0.5347022818891718,0.7881068973511353,,,
NG=F,NatGas,Natural Gas Nov 25,,NYM,FSM,Fortuna,Fortuna Mining Corp.,,NYQ,Basic Materials,Gold,0.39225610675642425,,,,-0.3449730063939218,0.30105356965184277,,,
PL=F,Platinum,Platinum Jan 26,,NYM,PAAS,PanAmerican,Pan American Silver Corp.,,NYQ,Basic Materials,Gold,-0.3917381768692153,,,,0.39765105422092717,-0.07787978006861992,,,
CL=F,WTI_Oil,Crude Oil Nov 25,,NYM,FCX,Freeport,Freeport-McMoRan Inc.,,NYQ,Basic Materials,Copper,0.3882550085887182,,,,0.5067157660881959,-0.15348391247652782,,,
RB=F,Gasoline,RBOB Gasoline Nov 25,,NYM,PAAS,PanAmerican,Pan American Silver Corp.,,NYQ,Basic Materials,Gold,-0.38037446780109097,,,,-0.45005593021571666,0.052446931870847334,,,
HG=F,Copper,Copper Dec 25,,CMX,EXK,Endeavour,Endeavour Silver Corp.,,NYQ,Basic Materials,Silver,0.3728077854577335,,,,0.11592231997064519,-0.055492471300432104,,,
GC=F,Gold,Gold Dec 25,,CMX,AEM,Agnico,Agnico Eagle Mines Limited,,NYQ,Basic Materials,Gold,0.36894597937342494,,,,0.02654800201851851,0.9871328982701482,,,
PL=F,Platinum,Platinum Jan 26,,NYM,HL,Hecla,Hecla Mining Company,,NYQ,Basic Materials,Other Precious Metals & Mining,-0.36846361324263277,,,,0.5547864942507751,-0.014966052090949705,,,
SI=F,Silver,Silver Dec 25,,CMX,NEM,Newmont,Newmont Corporation,,NYQ,Basic Materials,Gold,-0.36462907005929573,,,,0.8146591097379701,0.6317158268767284,,,
RB=F,Gasoline,RBOB Gasoline Nov 25,,NYM,VLO,Valero,Valero Energy Corporation,,NYQ,Energy,Oil & Gas Refining & Marketing,0.3615636373102922,,,,0.08230420481267452,-0.5782707214118606,,,
SI=F,Silver,Silver Dec 25,,CMX,EXK,Endeavour,Endeavour Silver Corp.,,NYQ,Basic Materials,Silver,0.3610873457509008,,,,-0.15746788335273096,0.7154713197218936,,,
GC=F,Gold,Gold Dec 25,,CMX,SLB,Schlumberger,Schlumberger Limited,,NYQ,Energy,Oil & Gas Equipment & Services,-0.35649968971558255,,,,0.49569397099889184,-0.21500702467687574,,,
ZC=F,Corn,"Corn Futures,Dec-2025",,CBT,SCCO,SouthernCopper,Southern Copper Corporation,,NYQ,Basic Materials,Copper,-0.35357855579177977,,,,0.4422865064261393,-0.3557554205104593,,,
ZW=F,Wheat,"Chicago SRW Wheat Futures,Dec-2",,CBT,PSX,Phillips66,Phillips 66,,NYQ,Energy,Oil & Gas Refining & Marketing,0.3484590927465569,,,,-0.007658036450326568,0.3571342926763881,,,
ZC=F,Corn,"Corn Futures,Dec-2025",,CBT,VLO,Valero,Valero Energy Corporation,,NYQ,Energy,Oil & Gas Refining & Marketing,0.3473063263057499,,,,0.17561419132696798,-0.3607345666433037,,,
ALI=F,Aluminum,"Aluminum Futures,Dec-2025",,CMX,VLO,Valero,Valero Energy Corporation,,NYQ,Energy,Oil & Gas Refining & Marketing,-0.345270714307462,,,,0.12628810406859084,0.35413759752579255,,,
PA=F,Palladium,Palladium Dec 25,,NYM,COP,ConocoPhillips,ConocoPhillips,,NYQ,Energy,Oil & Gas E&P,0.3437198139066845,,,,-0.37758668576057264,-0.06649950187668384,,,
CL=F,WTI_Oil,Crude Oil Nov 25,,NYM,PSX,Phillips66,Phillips 66,,NYQ,Energy,Oil & Gas Refining & Marketing,0.3436005721985525,,,,0.144805254445051,-0.6570105276826683,,,
NG=F,NatGas,Natural Gas Nov 25,,NYM,AEM,Agnico,Agnico Eagle Mines Limited,,NYQ,Basic Materials,Gold,0.34234640565839736,,,,0.09609017984908677,0.7937735196462619,,,
RB=F,Gasoline,RBOB Gasoline Nov 25,,NYM,MPC,Marathon,Marathon Petroleum Corporation,,NYQ,Energy,Oil & Gas Refining & Marketing,0.3408523110601785,,,,-0.33299654647351284,-0.574296809734492,,,
PL=F,Platinum,Platinum Jan 26,,NYM,FCX,Freeport,Freeport-McMoRan Inc.,,NYQ,Basic Materials,Copper,0.34075483379799537,,,,0.10678141426575789,-0.7647180697967916,,,
ZC=F,Corn,"Corn Futures,Dec-2025",,CBT,NEM,Newmont,Newmont Corporation,,NYQ,Basic Materials,Gold,0.3400229591158021,,,,0.04670218122427616,0.5916049167337529,,,
SI=F,Silver,Silver Dec 25,,CMX,SCCO,SouthernCopper,Southern Copper Corporation,,NYQ,Basic Materials,Copper,-0.3381896646541261,,,,0.17350623286532033,-0.30031881995418436,,,
PA=F,Palladium,Palladium Dec 25,,NYM,AEM,Agnico,Agnico Eagle Mines Limited,,NYQ,Basic Materials,Gold,0.3380353334641827,,,,0.10293154271309297,-0.026907825769218945,,,
PL=F,Platinum,Platinum Jan 26,,NYM,AEM,Agnico,Agnico Eagle Mines Limited,,NYQ,Basic Materials,Gold,-0.3375663935320327,,,,0.4788007363685548,-0.11213400642491426,,,
RB=F,Gasoline,RBOB Gasoline Nov 25,,NYM,EXK,Endeavour,Endeavour Silver Corp.,,NYQ,Basic Materials,Silver,-0.3358682679191091,,,,-0.5944428339628309,-0.5909185885851854,,,
RB=F,Gasoline,RBOB Gasoline Nov 25,,NYM,KGC,Kinross,Kinross Gold Corporation,,NYQ,Basic Materials,Gold,-0.333505855260842,,,,-0.4676981620927616,0.8143471742402985,,,
GC=F,Gold,Gold Dec 25,,CMX,MAG,MAGSilver,MAG Silver Corp.,,ASE,Basic Materials,Silver,0.3320358132385008,,,,-0.27152914463461797,0.641417711330087,,,
PL=F,Platinum,Platinum Jan 26,,NYM,BHP,BHP,BHP Group Limited,,NYQ,Basic Materials,Other Industrial Metals & Mining,0.33125714779893983,,,,0.7835079879069353,-0.0469556125760369,,,
BZ=F,Brent_Oil,Brent Crude Oil Last Day Financ,,NYM,PSX,Phillips66,Phillips 66,,NYQ,Energy,Oil & Gas Refining & Marketing,0.3310620723949377,,,,0.1036957076303137,-0.6165452303518112,,,
ZC=F,Corn,"Corn Futures,Dec-2025",,CBT,FCX,Freeport,Freeport-McMoRan Inc.,,NYQ,Basic Materials,Copper,-0.33011893051732316,,,,0.7049960566110866,0.06408702338649615,,,
HG=F,Copper,Copper Dec 25,,CMX,VLO,Valero,Valero Energy Corporation,,NYQ,Energy,Oil & Gas Refining & Marketing,-0.32866636268731036,,,,0.003171820469665095,0.821749494282744,,,
GC=F,Gold,Gold Dec 25,,CMX,CDE,Coeur,"Coeur Mining, Inc.",,NYQ,Basic Materials,Gold,0.3275795258125123,,,,-0.6728736098548324,0.47649464872005615,,,
NG=F,NatGas,Natural Gas Nov 25,,NYM,WPM,Wheaton,Wheaton Precious Metals Corp.,,NYQ,Basic Materials,Gold,0.32513759314785456,,,,0.6519360334812246,0.7005499956373151,,,
CL=F,WTI_Oil,Crude Oil Nov 25,,NYM,MPC,Marathon,Marathon Petroleum Corporation,,NYQ,Energy,Oil & Gas Refining & Marketing,0.3228104658359334,,,,-0.22937572370041434,-0.67730974685184,,,
PA=F,Palladium,Palladium Dec 25,,NYM,SLB,Schlumberger,Schlumberger Limited,,NYQ,Energy,Oil & Gas Equipment & Services,0.321897605938316,,,,-0.2501061470581451,0.9235155441157387,,,
ALI=F,Aluminum,"Aluminum Futures,Dec-2025",,CMX,COP,ConocoPhillips,ConocoPhillips,,NYQ,Energy,Oil & Gas E&P,-0.3218367893826837,,,,-0.3883544003937637,-0.5383899616401323,,,
NG=F,NatGas,Natural Gas Nov 25,,NYM,SCCO,SouthernCopper,Southern Copper Corporation,,NYQ,Basic Materials,Copper,-0.31880541294631876,,,,-0.1290592539863938,-0.021496330911781273,,,
ZW=F,Wheat,"Chicago SRW Wheat Futures,Dec-2",,CBT,MAG,MAGSilver,MAG Silver Corp.,,ASE,Basic Materials,Silver,0.31632069087067044,,,,0.12564074161921193,0.2029219444755325,,,
RB=F,Gasoline,RBOB Gasoline Nov 25,,NYM,RIO,RioTinto,Rio Tinto Group,,NYQ,Basic Materials,Other Industrial Metals & Mining,0.31626962708509987,,,,0.62344751476447,-0.7901411398672791,,,
NG=F,NatGas,Natural Gas Nov 25,,NYM,VLO,Valero,Valero Energy Corporation,,NYQ,Energy,Oil & Gas Refining & Marketing,-0.313872405253467,,,,0.4201545063597277,0.4022070259345118,,,
ALI=F,Aluminum,"Aluminum Futures,Dec-2025",,CMX,NEM,Newmont,Newmont Corporation,,NYQ,Basic Materials,Gold,-0.31364887329103786,,,,0.649965495935965,0.9608713668788562,,,
PA=F,Palladium,Palladium Dec 25,,NYM,HL,Hecla,Hecla Mining Company,,NYQ,Basic Materials,Other Precious Metals & Mining,0.309757527034059,,,,0.31088849815943176,-0.2851946421819971,,,
ZC=F,Corn,"Corn Futures,Dec-2025",,CBT,CDE,Coeur,"Coeur Mining, Inc.",,NYQ,Basic Materials,Gold,0.3081430280804891,,,,-0.5885521781614595,0.14639194905843408,,,
BZ=F,Brent_Oil,Brent Crude Oil Last Day Financ,,NYM,MPC,Marathon,Marathon Petroleum Corporation,,NYQ,Energy,Oil & Gas Refining & Marketing,0.30611670127973994,,,,-0.2684312987737698,-0.6549198767529205,,,
SI=F,Silver,Silver Dec 25,,CMX,BHP,BHP,BHP Group Limited,,NYQ,Basic Materials,Other Industrial Metals & Mining,-0.3028807209108178,,,,-0.15310476079852045,0.728864095497257,,,
SI=F,Silver,Silver Dec 25,,CMX,FSM,Fortuna,Fortuna Mining Corp.,,NYQ,Basic Materials,Gold,0.2999310728229866,,,,-0.5381351714038752,0.5263370400712397,,,
PA=F,Palladium,Palladium Dec 25,,NYM,EXK,Endeavour,Endeavour Silver Corp.,,NYQ,Basic Materials,Silver,0.2985418254323619,,,,0.009590338937577552,-0.204828948325531,,,
BZ=F,Brent_Oil,Brent Crude Oil Last Day Financ,,NYM,HL,Hecla,Hecla Mining Company,,NYQ,Basic Materials,Other Precious Metals & Mining,-0.2973298328171342,,,,-0.3030411815244068,-0.5096190317308896,,,
ZW=F,Wheat,"Chicago SRW Wheat Futures,Dec-2",,CBT,SLB,Schlumberger,Schlumberger Limited,,NYQ,Energy,Oil & Gas Equipment & Services,-0.2921998323348417,,,,0.11935024619125324,0.3691725291866306,,,
PL=F,Platinum,Platinum Jan 26,,NYM,EXK,Endeavour,Endeavour Silver Corp.,,NYQ,Basic Materials,Silver,-0.2905858506721473,,,,0.3402901566965651,0.11969315824417524,,,
NG=F,NatGas,Natural Gas Nov 25,,NYM,GLD,SPDR_Gold_ETF,SPDR Gold Shares,,PCX,,,0.2897343437570348,,,,-0.20222005111283844,0.6433422198756973,,,
ZW=F,Wheat,"Chicago SRW Wheat Futures,Dec-2",,CBT,MPC,Marathon,Marathon Petroleum Corporation,,NYQ,Energy,Oil & Gas Refining & Marketing,0.28895491358808334,,,,0.37480173825009944,0.6272253675047588,,,
NG=F,NatGas,Natural Gas Nov 25,,NYM,PAAS,PanAmerican,Pan American Silver Corp.,,NYQ,Basic Materials,Gold,0.2886451243854348,,,,-0.14673293626843012,0.3257624463437744,,,
CL=F,WTI_Oil,Crude Oil Nov 25,,NYM,HL,Hecla,Hecla Mining Company,,NYQ,Basic Materials,Other Precious Metals & Mining,-0.27783313744160715,,,,-0.3342092655602223,-0.4644242801233623,,,
HG=F,Copper,Copper Dec 25,,CMX,FSM,Fortuna,Fortuna Mining Corp.,,NYQ,Basic Materials,Gold,0.27665492307872286,,,,-0.04377556234087257,-0.47185314570313325,,,
HG=F,Copper,Copper Dec 25,,CMX,MPC,Marathon,Marathon Petroleum Corporation,,NYQ,Energy,Oil & Gas Refining & Marketing,-0.2754839846787278,,,,0.20730008979626788,0.9739693310540938,,,
ZW=F,Wheat,"Chicago SRW Wheat Futures,Dec-2",,CBT,SCCO,SouthernCopper,Southern Copper Corporation,,NYQ,Basic Materials,Copper,-0.270061123115687,,,,-0.050269702112787834,-0.011395111127280219,,,
RB=F,Gasoline,RBOB Gasoline Nov 25,,NYM,PSX,Phillips66,Phillips 66,,NYQ,Energy,Oil & Gas Refining & Marketing,0.2697448407754543,,,,0.0027867576706970564,-0.7152547754618688,,,
RB=F,Gasoline,RBOB Gasoline Nov 25,,NYM,AEM,Agnico,Agnico Eagle Mines Limited,,NYQ,Basic Materials,Gold,-0.26840710639292775,,,,-0.5876759552052012,-0.5562434124544614,,,
BZ=F,Brent_Oil,Brent Crude Oil Last Day Financ,,NYM,BHP,BHP,BHP Group Limited,,NYQ,Basic Materials,Other Industrial Metals & Mining,-0.2598875509977644,,,,0.5341161070902357,-0.9476550573895388,,,
HG=F,Copper,Copper Dec 25,,CMX,RIO,RioTinto,Rio Tinto Group,,NYQ,Basic Materials,Other Industrial Metals & Mining,-0.2571879454750601,,,,-0.26926089559702626,0.7325831804763268,,,
RB=F,Gasoline,RBOB Gasoline Nov 25,,NYM,GLD,SPDR_Gold_ETF,SPDR Gold Shares,,PCX,,,-0.25210219558107333,,,,0.023849089719003784,-0.9626114316711099,,,
CL=F,WTI_Oil,Crude Oil Nov 25,,NYM,BHP,BHP,BHP Group Limited,,NYQ,Basic Materials,Other Industrial Metals & Mining,-0.2517963277946769,,,,0.5429366148839255,-0.9331842167330179,,,
RB=F,Gasoline,RBOB Gasoline Nov 25,,NYM,SCCO,SouthernCopper,Southern Copper Corporation,,NYQ,Basic Materials,Copper,-0.24960285782955027,,,,0.8358548917250719,-0.008987848416194516,,,
ZC=F,Corn,"Corn Futures,Dec-2025",,CBT,SLB,Schlumberger,Schlumberger Limited,,NYQ,Energy,Oil & Gas Equipment & Services,-0.24076839280347118,,,,0.41442751198898603,-0.21089956121627912,,,
SI=F,Silver,Silver Dec 25,,CMX,VLO,Valero,Valero Energy Corporation,,NYQ,Energy,Oil & Gas Refining & Marketing,-0.24068564019856384,,,,0.6288468508007357,-0.06131285808165673,,,
ZW=F,Wheat,"Chicago SRW Wheat Futures,Dec-2",,CBT,COP,ConocoPhillips,ConocoPhillips,,NYQ,Energy,Oil & Gas E&P,-0.239253145884187,,,,-0.4007335995653776,-0.2991744935104269,,,
GC=F,Gold,Gold Dec 25,,CMX,RIO,RioTinto,Rio Tinto Group,,NYQ,Basic Materials,Other Industrial Metals & Mining,-0.23705419161812077,,,,0.30595023524586035,-0.048409956295614,,,
PL=F,Platinum,Platinum Jan 26,,NYM,VLO,Valero,Valero Energy Corporation,,NYQ,Energy,Oil & Gas Refining & Marketing,0.23449478163981352,,,,0.18165687538583652,-0.25790800531819863,,,
ZW=F,Wheat,"Chicago SRW Wheat Futures,Dec-2",,CBT,NEM,Newmont,Newmont Corporation,,NYQ,Basic Materials,Gold,0.23114073276930117,,,,0.6454568526028762,0.7445629338438243,,,
SI=F,Silver,Silver Dec 25,,CMX,AEM,Agnico,Agnico Eagle Mines Limited,,NYQ,Basic Materials,Gold,0.2284064636142551,,,,-0.07832387063416853,0.8566690608643133,,,
GC=F,Gold,Gold Dec 25,,CMX,WPM,Wheaton,Wheaton Precious Metals Corp.,,NYQ,Basic Materials,Gold,0.22706622124836637,,,,0.5214463350395399,0.46399540917782517,,,
HG=F,Copper,Copper Dec 25,,CMX,AEM,Agnico,Agnico Eagle Mines Limited,,NYQ,Basic Materials,Gold,0.22466916788673083,,,,0.13592117670584525,0.11692776991112774,,,
SI=F,Silver,Silver Dec 25,,CMX,MPC,Marathon,Marathon Petroleum Corporation,,NYQ,Energy,Oil & Gas Refining & Marketing,-0.22342766235534778,,,,0.6840096812736455,0.3101734465039052,,,
SI=F,Silver,Silver Dec 25,,CMX,GLD,SPDR_Gold_ETF,SPDR Gold Shares,,PCX,,,0.22177868709465667,,,,-0.21220171655537623,0.29062463427303087,,,
NG=F,NatGas,Natural Gas Nov 25,,NYM,KGC,Kinross,Kinross Gold Corporation,,NYQ,Basic Materials,Gold,0.2181564438470584,,,,0.2322208464407818,-0.2344596866538312,,,
PL=F,Platinum,Platinum Jan 26,,NYM,PSX,Phillips66,Phillips 66,,NYQ,Energy,Oil & Gas Refining & Marketing,0.21324065768872263,,,,0.21129922047895938,-0.15096351498960828,,,
PL=F,Platinum,Platinum Jan 26,,NYM,GLD,SPDR_Gold_ETF,SPDR Gold Shares,,PCX,,,0.20825132106240685,,,,0.30832109980547284,0.3639277746881045,,,
ZW=F,Wheat,"Chicago SRW Wheat Futures,Dec-2",,CBT,KGC,Kinross,Kinross Gold Corporation,,NYQ,Basic Materials,Gold,-0.20516045578614076,,,,0.5904018433066207,-0.01206610104475213,,,
GC=F,Gold,Gold Dec 25,,CMX,PSX,Phillips66,Phillips 66,,NYQ,Energy,Oil & Gas Refining & Marketing,0.20347573685819917,,,,0.593415909743597,-0.11399293052855584,,,
PL=F,Platinum,Platinum Jan 26,,NYM,SLB,Schlumberger,Schlumberger Limited,,NYQ,Energy,Oil & Gas Equipment & Services,0.20286832583341236,,,,0.13370785966677373,-0.46048740783736913,,,
ALI=F,Aluminum,"Aluminum Futures,Dec-2025",,CMX,MAG,MAGSilver,MAG Silver Corp.,,ASE,Basic Materials,Silver,0.20168060451142752,,,,-0.13786197515355145,0.11533148575389053,,,
NG=F,NatGas,Natural Gas Nov 25,,NYM,MPC,Marathon,Marathon Petroleum Corporation,,NYQ,Energy,Oil & Gas Refining & Marketing,-0.20031214372244835,,,,0.5768944467879531,0.6618800687665437,,,
RB=F,Gasoline,RBOB Gasoline Nov 25,,NYM,SLB,Schlumberger,Schlumberger Limited,,NYQ,Energy,Oil & Gas Equipment & Services,0.1847226734514665,,,,0.5894172468183082,-0.4369885643980529,,,
HG=F,Copper,Copper Dec 25,,CMX,MAG,MAGSilver,MAG Silver Corp.,,ASE,Basic Materials,Silver,-0.18433419789943534,,,,0.12301159021691868,-0.4656534586594536,,,
HG=F,Copper,Copper Dec 25,,CMX,HL,Hecla,Hecla Mining Company,,NYQ,Basic Materials,Other Precious Metals & Mining,0.18371238093971043,,,,-0.09491131216786265,-0.15519841354612798,,,
ZC=F,Corn,"Corn Futures,Dec-2025",,CBT,XOM,Exxon,Exxon Mobil Corporation,,NYQ,Energy,Oil & Gas Integrated,-0.18236983698611645,,,,0.8260341220702929,0.8833353671313725,,,
GC=F,Gold,Gold Dec 25,,CMX,KGC,Kinross,Kinross Gold Corporation,,NYQ,Basic Materials,Gold,-0.18232410731027648,,,,0.0733731113154115,0.12047362123452277,,,
PL=F,Platinum,Platinum Jan 26,,NYM,MPC,Marathon,Marathon Petroleum Corporation,,NYQ,Energy,Oil & Gas Refining & Marketing,-0.18169532793915089,,,,0.4609262553870253,-0.5582729422319337,,,
GC=F,Gold,Gold Dec 25,,CMX,PAAS,PanAmerican,Pan American Silver Corp.,,NYQ,Basic Materials,Gold,0.18082366791022653,,,,-0.2278023141176059,0.8222512869194017,,,
RB=F,Gasoline,RBOB Gasoline Nov 25,,NYM,CDE,Coeur,"Coeur Mining, Inc.",,NYQ,Basic Materials,Gold,-0.16706434770870401,,,,-0.3286410323426357,-0.07131831789388297,,,
SI=F,Silver,Silver Dec 25,,CMX,PAAS,PanAmerican,Pan American Silver Corp.,,NYQ,Basic Materials,Gold,0.16694869144810884,,,,-0.3367209331207074,0.6955544541259329,,,
HG=F,Copper,Copper Dec 25,,CMX,COP,ConocoPhillips,ConocoPhillips,,NYQ,Energy,Oil & Gas E&P,-0.1659602623240333,,,,-0.6962592894785206,-0.04000673508589205,,,
ALI=F,Aluminum,"Aluminum Futures,Dec-2025",,CMX,WPM,Wheaton,Wheaton Precious Metals Corp.,,NYQ,Basic Materials,Gold,0.15941611015712887,,,,0.39708249290985087,0.9929173656398753,,,
SI=F,Silver,Silver Dec 25,,CMX,MAG,MAGSilver,MAG Silver Corp.,,ASE,Basic Materials,Silver,0.15853394938544174,,,,-0.3934214127677312,0.5491066752205064,,,
PA=F,Palladium,Palladium Dec 25,,NYM,FSM,Fortuna,Fortuna Mining Corp.,,NYQ,Basic Materials,Gold,0.15824652678069048,,,,0.2550154554998026,-0.5893949793856663,,,
NG=F,NatGas,Natural Gas Nov 25,,NYM,MAG,MAGSilver,MAG Silver Corp.,,ASE,Basic Materials,Silver,0.15758432046748383,,,,-0.20116851508487363,0.08531328103491735,,,
NG=F,NatGas,Natural Gas Nov 25,,NYM,PSX,Phillips66,Phillips 66,,NYQ,Energy,Oil & Gas Refining & Marketing,-0.1575034024315754,,,,0.4152947756212598,0.48140721943923265,,,
RB=F,Gasoline,RBOB Gasoline Nov 25,,NYM,FCX,Freeport,Freeport-McMoRan Inc.,,NYQ,Basic Materials,Copper,0.1558414769603214,,,,0.7464830865673869,0.0009064477614847331,,,
HG=F,Copper,Copper Dec 25,,CMX,PAAS,PanAmerican,Pan American Silver Corp.,,NYQ,Basic Materials,Gold,0.14896598953483936,,,,0.12111357885351459,-0.3363892273661777,,,
PA=F,Palladium,Palladium Dec 25,,NYM,XOM,Exxon,Exxon Mobil Corporation,,NYQ,Energy,Oil & Gas Integrated,0.14642646312672464,,,,0.5511693203668923,0.589259755648886,,,
SI=F,Silver,Silver Dec 25,,CMX,AG,FirstMajestic,First Majestic Silver Corp.,,NYQ,Basic Materials,Silver,-0.14357055274540276,,,,0.40931277680464484,0.7986694672634478,,,
SI=F,Silver,Silver Dec 25,,CMX,COP,ConocoPhillips,ConocoPhillips,,NYQ,Energy,Oil & Gas E&P,-0.14053374055137255,,,,-0.16981705727081586,-0.5477015685256084,,,
HG=F,Copper,Copper Dec 25,,CMX,PSX,Phillips66,Phillips 66,,NYQ,Energy,Oil & Gas Refining & Marketing,-0.1380960818127028,,,,-0.003506091288792871,0.7795501485946204,,,
ALI=F,Aluminum,"Aluminum Futures,Dec-2025",,CMX,PSX,Phillips66,Phillips 66,,NYQ,Energy,Oil & Gas Refining & Marketing,-0.13441942336665394,,,,-0.00999816703810893,0.31499884331120154,,,
PA=F,Palladium,Palladium Dec 25,,NYM,NEM,Newmont,Newmont Corporation,,NYQ,Basic Materials,Gold,0.13283614384425513,,,,0.21645377184339842,0.886302480104627,,,
ZC=F,Corn,"Corn Futures,Dec-2025",,CBT,COP,ConocoPhillips,ConocoPhillips,,NYQ,Energy,Oil & Gas E&P,-0.1257204319595659,,,,0.2934979403416012,-0.8528693270121432,,,
SI=F,Silver,Silver Dec 25,,CMX,PSX,Phillips66,Phillips 66,,NYQ,Energy,Oil & Gas Refining & Marketing,-0.12450988761522126,,,,0.5772411657880615,-0.01436573156477581,,,
HG=F,Copper,Copper Dec 25,,CMX,KGC,Kinross,Kinross Gold Corporation,,NYQ,Basic Materials,Gold,-0.12277969654126746,,,,0.5625954294621397,-0.22390367822291432,,,
ZW=F,Wheat,"Chicago SRW Wheat Futures,Dec-2",,CBT,VLO,Valero,Valero Energy Corporation,,NYQ,Energy,Oil & Gas Refining & Marketing,0.12174040708091477,,,,0.1345496835448528,0.3092107869343081,,,
GC=F,Gold,Gold Dec 25,,CMX,BHP,BHP,BHP Group Limited,,NYQ,Basic Materials,Other Industrial Metals & Mining,0.11791444122732532,,,,0.10397448178357338,0.853682860717156,,,
PA=F,Palladium,Palladium Dec 25,,NYM,AG,FirstMajestic,First Majestic Silver Corp.,,NYQ,Basic Materials,Silver,0.11730915960479454,,,,0.0867533806889902,0.8165411059960488,,,
ALI=F,Aluminum,"Aluminum Futures,Dec-2025",,CMX,BHP,BHP,BHP Group Limited,,NYQ,Basic Materials,Other Industrial Metals & Mining,-0.11613677932964826,,,,-0.5769428181281341,0.4423381416955281,,,
ZW=F,Wheat,"Chicago SRW Wheat Futures,Dec-2",,CBT,RIO,RioTinto,Rio Tinto Group,,NYQ,Basic Materials,Other Industrial Metals & Mining,-0.11038001556691802,,,,-0.17647815411201478,0.3736029468782717,,,
ZC=F,Corn,"Corn Futures,Dec-2025",,CBT,KGC,Kinross,Kinross Gold Corporation,,NYQ,Basic Materials,Gold,-0.09909044530211894,,,,0.1271846138297832,0.6746388016558997,,,
PL=F,Platinum,Platinum Jan 26,,NYM,FSM,Fortuna,Fortuna Mining Corp.,,NYQ,Basic Materials,Gold,-0.0956538966294287,,,,0.24172880288921875,0.2829297719860005,,,
RB=F,Gasoline,RBOB Gasoline Nov 25,,NYM,HL,Hecla,Hecla Mining Company,,NYQ,Basic Materials,Other Precious Metals & Mining,0.09431403107871021,,,,-0.5227068826576998,-0.3168340092775011,,,
PA=F,Palladium,Palladium Dec 25,,NYM,MAG,MAGSilver,MAG Silver Corp.,,ASE,Basic Materials,Silver,-0.09401711999260214,,,,0.6131046585476472,-0.5187317476900958,,,
HG=F,Copper,Copper Dec 25,,CMX,WPM,Wheaton,Wheaton Precious Metals Corp.,,NYQ,Basic Materials,Gold,-0.09367557339776962,,,,0.755163755941121,0.8144476028882693,,,
PA=F,Palladium,Palladium Dec 25,,NYM,CVX,Chevron,Chevron Corporation,,NYQ,Energy,Oil & Gas Integrated,0.09319842450625589,,,,0.6427930452149394,0.3347812599216468,,,
PA=F,Palladium,Palladium Dec 25,,NYM,WPM,Wheaton,Wheaton Precious Metals Corp.,,NYQ,Basic Materials,Gold,0.08883672273382229,,,,0.1374139659328682,0.7965037372965458,,,
SI=F,Silver,Silver Dec 25,,CMX,HL,Hecla,Hecla Mining Company,,NYQ,Basic Materials,Other Precious Metals & Mining,0.08332123501944398,,,,-0.2537194591884205,0.7805310022921074,,,
ALI=F,Aluminum,"Aluminum Futures,Dec-2025",,CMX,MPC,Marathon,Marathon Petroleum Corporation,,NYQ,Energy,Oil & Gas Refining & Marketing,-0.07910536549429936,,,,0.16635420465292688,0.686315478796361,,,
GC=F,Gold,Gold Dec 25,,CMX,AG,FirstMajestic,First Majestic Silver Corp.,,NYQ,Basic Materials,Silver,0.07833299658852844,,,,0.13721723538712116,0.5210274070277953,,,
NG=F,NatGas,Natural Gas Nov 25,,NYM,HL,Hecla,Hecla Mining Company,,NYQ,Basic Materials,Other Precious Metals & Mining,0.07828611463310801,,,,-0.11932626589906466,0.5806502426907988,,,
PA=F,Palladium,Palladium Dec 25,,NYM,FCX,Freeport,Freeport-McMoRan Inc.,,NYQ,Basic Materials,Copper,0.07781241843427908,,,,0.11429821965268296,0.9331367692128901,,,
PL=F,Platinum,Platinum Jan 26,,NYM,MAG,MAGSilver,MAG Silver Corp.,,ASE,Basic Materials,Silver,-0.07458963010119167,,,,0.3081920018829847,-0.09278370237169788,,,
GC=F,Gold,Gold Dec 25,,CMX,VLO,Valero,Valero Energy Corporation,,NYQ,Energy,Oil & Gas Refining & Marketing,0.0726698070890078,,,,0.6739296991069677,-0.22217752901406218,,,
GC=F,Gold,Gold Dec 25,,CMX,SCCO,SouthernCopper,Southern Copper Corporation,,NYQ,Basic Materials,Copper,-0.07131123193333101,,,,0.02775458523719253,-0.5906422258650236,,,
ZC=F,Corn,"Corn Futures,Dec-2025",,CBT,RIO,RioTinto,Rio Tinto Group,,NYQ,Basic Materials,Other Industrial Metals & Mining,-0.07076205610169915,,,,0.23595584790360405,-0.37745690343096217,,,
PL=F,Platinum,Platinum Jan 26,,NYM,XOM,Exxon,Exxon Mobil Corporation,,NYQ,Energy,Oil & Gas Integrated,-0.0657127922996232,,,,0.5525210756166739,-0.9433567929009445,,,
GC=F,Gold,Gold Dec 25,,CMX,COP,ConocoPhillips,ConocoPhillips,,NYQ,Energy,Oil & Gas E&P,-0.06524881984729851,,,,-0.08515310502791792,-0.33911626250318977,,,
HG=F,Copper,Copper Dec 25,,CMX,AG,FirstMajestic,First Majestic Silver Corp.,,NYQ,Basic Materials,Silver,0.06401374790300275,,,,0.7714488387414062,0.850807379067885,,,
PA=F,Palladium,Palladium Dec 25,,NYM,CDE,Coeur,"Coeur Mining, Inc.",,NYQ,Basic Materials,Gold,0.05639151216297539,,,,0.14543459326099176,-0.8513165045763078,,,
ALI=F,Aluminum,"Aluminum Futures,Dec-2025",,CMX,KGC,Kinross,Kinross Gold Corporation,,NYQ,Basic Materials,Gold,0.052899041935845194,,,,0.49388899218874316,0.25561749852910887,,,
GC=F,Gold,Gold Dec 25,,CMX,HL,Hecla,Hecla Mining Company,,NYQ,Basic Materials,Other Precious Metals & Mining,0.050805312073362606,,,,-0.006010563918694796,0.9487307192161489,,,
PA=F,Palladium,Palladium Dec 25,,NYM,PAAS,PanAmerican,Pan American Silver Corp.,,NYQ,Basic Materials,Gold,0.04466178986970681,,,,0.4627018220463341,-0.42744754723522804,,,
GC=F,Gold,Gold Dec 25,,CMX,MPC,Marathon,Marathon Petroleum Corporation,,NYQ,Energy,Oil & Gas Refining & Marketing,0.04227986258769949,,,,0.8270054229311316,0.08571028161650351,,,
ALI=F,Aluminum,"Aluminum Futures,Dec-2025",,CMX,AG,FirstMajestic,First Majestic Silver Corp.,,NYQ,Basic Materials,Silver,-0.03563406597673902,,,,0.39322781070013557,0.9986381548220471,,,
ZC=F,Corn,"Corn Futures,Dec-2025",,CBT,AG,FirstMajestic,First Majestic Silver Corp.,,NYQ,Basic Materials,Silver,0.034720875403620705,,,,-0.4256922883759384,0.7038031072686678,,,
GC=F,Gold,Gold Dec 25,,CMX,NEM,Newmont,Newmont Corporation,,NYQ,Basic Materials,Gold,-0.030799729269309815,,,,0.7720473482460806,0.29261429521107635,,,
CL=F,WTI_Oil,Crude Oil Nov 25,,NYM,SCCO,SouthernCopper,Southern Copper Corporation,,NYQ,Basic Materials,Copper,-0.03038827568778954,,,,0.6511521993628031,-0.013100529891139029,,,
RB=F,Gasoline,RBOB Gasoline Nov 25,,NYM,BHP,BHP,BHP Group Limited,,NYQ,Basic Materials,Other Industrial Metals & Mining,-0.02890233603187891,,,,0.39252588228690083,-0.8526672364668594,,,
PL=F,Platinum,Platinum Jan 26,,NYM,CDE,Coeur,"Coeur Mining, Inc.",,NYQ,Basic Materials,Gold,-0.021058656935728618,,,,0.011799059138487097,0.6192612746960618,,,
PL=F,Platinum,Platinum Jan 26,,NYM,CVX,Chevron,Chevron Corporation,,NYQ,Energy,Oil & Gas Integrated,-0.013002045941867494,,,,0.5719615348850233,-0.8383088817666191,,,
SI=F,Silver,Silver Dec 25,,CMX,WPM,Wheaton,Wheaton Precious Metals Corp.,,NYQ,Basic Materials,Gold,-0.011670925891978745,,,,0.5578625930781792,0.768145847730025,,,
BZ=F,Brent_Oil,Brent Crude Oil Last Day Financ,,NYM,SCCO,SouthernCopper,Southern Copper Corporation,,NYQ,Basic Materials,Copper,-0.010326933853113025,,,,0.6163390276329975,0.025612675073297387,,,
PA=F,Palladium,Palladium Dec 25,,NYM,SCCO,SouthernCopper,Southern Copper Corporation,,NYQ,Basic Materials,Copper,0.009692394702120442,,,,-0.04490366179768859,0.7871291146326558,,,
NG=F,NatGas,Natural Gas Nov 25,,NYM,NEM,Newmont,Newmont Corporation,,NYQ,Basic Materials,Gold,0.004503282591292129,,,,0.6863237617919975,0.6243834357738784,,,
SI=F,Silver,Silver Dec 25,,CMX,KGC,Kinross,Kinross Gold Corporation,,NYQ,Basic Materials,Gold,-0.003631193912305726,,,,0.05281244912272711,0.28378115650271046,,,
ZC=F,Corn,"Corn Futures,Dec-2025",,CBT,CVX,Chevron,Chevron Corporation,,NYQ,Energy,Oil & Gas Integrated,-0.0011109835053646927,,,,0.8547016609635197,0.9653621243714466,,,
